{
  "_comment": "Generated by scripts/gen-supporters-meshes.ts — do not edit by hand.",
  "binHeight": 0.6023809313774109,
  "labelTab": {
    "x0": -0.43214285373687744,
    "x1": 0.43214285373687744,
    "z0": -0.43214285373687744,
    "z1": -0.17976191639900208,
    "y": 0.4835714101791382
  },
  "plateHeight": 0.1130952388048172
}
