{
  "files": [
    {
      "filepath": "src/features/generation/worker/generators/baseplateGenerator.bench.ts",
      "groups": [
        {
          "fullName": "src/features/generation/worker/generators/baseplateGenerator.bench.ts > baseplate generation",
          "benchmarks": [
            {
              "id": "804781327_0_0",
              "name": "2\u00d72 no magnets",
              "rank": 1,
              "rme": 2.1179308244117525,
              "samples": [],
              "totalTime": 1260.0803339999984,
              "min": 247.6874519999983,
              "max": 258.70718599999964,
              "hz": 3.9680009798486435,
              "period": 252.0160667999997,
              "mean": 252.0160667999997,
              "variance": 18.484643607137635,
              "sd": 4.299377118506544,
              "sem": 1.9227398995775602,
              "df": 4,
              "critical": 2.776,
              "moe": 5.337525961227307,
              "p75": 253.40888600000108,
              "p99": 258.70718599999964,
              "p995": 258.70718599999964,
              "p999": 258.70718599999964,
              "sampleCount": 5,
              "median": 250.98676200000045
            },
            {
              "id": "804781327_0_1",
              "name": "4\u00d74 no magnets",
              "rank": 4,
              "rme": 1.4924259164267564,
              "samples": [],
              "totalTime": 4058.899632000008,
              "min": 797.7376930000028,
              "max": 823.3970049999989,
              "hz": 1.2318609606851176,
              "period": 811.7799264000016,
              "mean": 811.7799264000016,
              "variance": 95.23427080423143,
              "sd": 9.758804783590634,
              "sem": 4.364270175051756,
              "df": 4,
              "critical": 2.776,
              "moe": 12.115214005943672,
              "p75": 817.7575799999977,
              "p99": 823.3970049999989,
              "p995": 823.3970049999989,
              "p999": 823.3970049999989,
              "sampleCount": 5,
              "median": 811.8413090000031
            },
            {
              "id": "804781327_0_2",
              "name": "4\u00d74 with magnets",
              "rank": 3,
              "rme": 3.914786061706821,
              "samples": [],
              "totalTime": 2295.510389999996,
              "min": 753.3696009999985,
              "max": 777.4690380000029,
              "hz": 1.3068988984188417,
              "period": 765.1701299999986,
              "mean": 765.1701299999986,
              "variance": 145.38200215002917,
              "sd": 12.057445921505481,
              "sem": 6.961369648520545,
              "df": 2,
              "critical": 4.303,
              "moe": 29.954773597583905,
              "p75": 777.4690380000029,
              "p99": 777.4690380000029,
              "p995": 777.4690380000029,
              "p999": 777.4690380000029,
              "sampleCount": 3,
              "median": 764.6717509999944
            },
            {
              "id": "804781327_0_3",
              "name": "6\u00d74 magnets (stress)",
              "rank": 5,
              "rme": 0.5311127145050423,
              "samples": [],
              "totalTime": 3370.651337000003,
              "min": 1121.709103000001,
              "max": 1126.2673849999992,
              "hz": 0.8900356934188585,
              "period": 1123.5504456666677,
              "mean": 1123.5504456666677,
              "variance": 5.769485839882826,
              "sd": 2.401975403679818,
              "sem": 1.3867811459014032,
              "df": 2,
              "critical": 4.303,
              "moe": 5.967319270813738,
              "p75": 1126.2673849999992,
              "p99": 1126.2673849999992,
              "p995": 1126.2673849999992,
              "p999": 1126.2673849999992,
              "sampleCount": 3,
              "median": 1122.6748490000027
            },
            {
              "id": "804781327_0_4",
              "name": "3\u00d73 magnets + connectors",
              "rank": 2,
              "rme": 2.0910463742476226,
              "samples": [],
              "totalTime": 1481.203748,
              "min": 489.1803179999988,
              "max": 497.320925,
              "hz": 2.025379698134547,
              "period": 493.73458266666665,
              "mean": 493.73458266666665,
              "variance": 17.270025814642803,
              "sd": 4.155722056952655,
              "sem": 2.399307248258881,
              "df": 2,
              "critical": 4.303,
              "moe": 10.324219089257964,
              "p75": 497.320925,
              "p99": 497.320925,
              "p995": 497.320925,
              "p999": 497.320925,
              "sampleCount": 3,
              "median": 494.7025050000011
            }
          ]
        }
      ]
    },
    {
      "filepath": "src/features/generation/worker/generators/binGenerator.bench.ts",
      "groups": [
        {
          "fullName": "src/features/generation/worker/generators/binGenerator.bench.ts > core dimensions",
          "benchmarks": [
            {
              "id": "-406545359_0_0",
              "name": "0.5\u00d70.5 with lip",
              "rank": 3,
              "rme": 2.0729611549547577,
              "samples": [],
              "totalTime": 520.0510909999991,
              "min": 29.394525999999587,
              "max": 34.521578999999974,
              "hz": 32.689095925769394,
              "period": 30.591240647058772,
              "mean": 30.591240647058772,
              "variance": 1.5210857869606893,
              "sd": 1.233323066743134,
              "sem": 0.299124780864273,
              "df": 16,
              "critical": 2.12,
              "moe": 0.6341445354322588,
              "p75": 30.97400299999981,
              "p99": 34.521578999999974,
              "p995": 34.521578999999974,
              "p999": 34.521578999999974,
              "sampleCount": 17,
              "median": 30.391151000000036
            },
            {
              "id": "-406545359_0_1",
              "name": "1\u00d71 with lip",
              "rank": 2,
              "rme": 0.6456808584510952,
              "samples": [],
              "totalTime": 516.2036790000006,
              "min": 28.00477699999965,
              "max": 29.34660699999995,
              "hz": 34.8699568257048,
              "period": 28.677982166666702,
              "mean": 28.677982166666702,
              "variance": 0.1386246933997249,
              "sd": 0.37232337208362964,
              "sem": 0.08775746039819221,
              "df": 17,
              "critical": 2.11,
              "moe": 0.18516824144018557,
              "p75": 28.874655000000075,
              "p99": 29.34660699999995,
              "p995": 29.34660699999995,
              "p999": 29.34660699999995,
              "sampleCount": 18,
              "median": 28.731311500000174
            },
            {
              "id": "-406545359_0_2",
              "name": "1\u00d71 no lip",
              "rank": 1,
              "rme": 0.47255371719253186,
              "samples": [],
              "totalTime": 504.62604399999964,
              "min": 10.428662000000259,
              "max": 11.215149999999994,
              "hz": 93.13827646993192,
              "period": 10.736724340425525,
              "mean": 10.736724340425525,
              "variance": 0.029833977534195366,
              "sd": 0.17272515026537208,
              "sem": 0.02519455257493106,
              "df": 46,
              "critical": 2.0138,
              "moe": 0.050736789975396164,
              "p75": 10.836135999999897,
              "p99": 11.215149999999994,
              "p995": 11.215149999999994,
              "p999": 11.215149999999994,
              "sampleCount": 47,
              "median": 10.702578999999787
            },
            {
              "id": "-406545359_0_3",